TF	pvalue
FOXP2	0.018897
PPARA	0.019064
PPARD	0.019064
ATF4	0.021141
STAT3	0.021162
TFCP2	0.021162
ID2	0.030861
HDAC1	0.040232
SNAI1	0.040232
